May 22, 2016 20:10:24%%May 22, 2016 20:10:24
May 22, 2016 20:10:25%%May 22, 2016 20:10:25
May 22, 2016 20:10:26%%May 22, 2016 20:10:26
May 22, 2016 20:10:27%%May 22, 2016 20:10:27
May 22, 2016 20:10:33%%May 22, 2016 20:10:33
May 22, 2016 20:11:00%%May 22, 2016 20:11:00
May 22, 2016 20:11:07%%May 22, 2016 20:11:07
May 22, 2016 20:12:20%%May 22, 2016 20:12:20
May 22, 2016 20:13:12%%May 22, 2016 20:13:12
May 22, 2016 20:13:44%%
May 22, 2016 20:14:27%%
May 22, 2016 20:14:28%%
May 22, 2016 20:14:28%%
May 22, 2016 20:14:29%%
May 22, 2016 20:14:29%%
May 22, 2016 20:14:29%%
May 22, 2016 20:15:46%%
May 22, 2016 20:15:46%%
May 22, 2016 20:15:46%%
May 22, 2016 20:15:46%%
May 22, 2016 20:15:47%%
May 22, 2016 20:15:47%%
May 22, 2016 20:15:47%%
May 22, 2016 20:15:48%%
May 22, 2016 20:15:48%%
May 22, 2016 20:15:48%%
May 22, 2016 20:15:49%%
May 22, 2016 20:15:50%%
May 22, 2016 20:15:50%%
May 22, 2016 20:15:50%%
May 22, 2016 20:16:06%%
May 22, 2016 20:16:14%%
May 22, 2016 20:18:31%%
May 22, 2016 20:18:33%%
May 22, 2016 20:18:34%%
May 22, 2016 20:18:34%%
May 22, 2016 20:18:34%%
May 22, 2016 20:18:35%%
May 22, 2016 20:22:03%%
May 22, 2016 20:22:13%%
May 22, 2016 20:28:24%%
May 22, 2016 20:29:15%%
May 22, 2016 20:29:16%%
May 22, 2016 20:29:16%%
May 22, 2016 20:29:40%%
May 22, 2016 20:29:41%%
May 22, 2016 20:29:41%%
May 22, 2016 20:29:42%%
May 22, 2016 20:29:42%%
May 22, 2016 20:29:42%%
May 22, 2016 20:29:48%%
May 22, 2016 20:38:30%%
May 22, 2016 20:38:40%%
May 22, 2016 20:40:38%%
May 22, 2016 20:41:02%%
May 22, 2016 20:41:02%%
May 22, 2016 20:41:03%%
May 22, 2016 20:41:03%%
May 22, 2016 20:41:03%%
May 22, 2016 20:41:03%%
May 22, 2016 20:41:10%%
